,TITLE,ARTIST,GENRE,YEAR,bpm,nrgy,dnce,dB,live,val,dur,acous,spch,POPULARITY
1,Brave,Sara Bareilles,Acoustic Pop,2013,185,84,55,-4,4,76,221,1,5,71
2,Turning Page,Sleeping At Last,Acoustic Pop,2011,125,38,30,-8,11,19,255,91,3,46
3,Foolish Games,Jewel,Alaska Indie,2013,132,34,51,-11,12,7,250,23,3,36
4,Talk (feat. Disclosure),Khalid,Alternative R&B,2019,136,40,90,-9,6,35,198,5,13,84
5,Summertime Sadness (Lana Del Rey Vs. Cedric Gervais) - Cedric Gervais Remix,Lana Del Rey,Art Pop,2013,126,81,57,-6,13,11,215,2,6,74
6,Love,Lana Del Rey,Art Pop,2017,99,37,53,-11,11,23,273,49,3,72
7,Summer Bummer (feat. A$AP Rocky & Playboi Carti),Lana Del Rey,Art Pop,2017,135,57,76,-9,20,14,261,2,13,67
8,Lust for Life (with The Weeknd),Lana Del Rey,Art Pop,2017,100,67,51,-9,36,27,264,58,6,54
9,Team,Lorde,Art Pop,2014,100,58,69,-7,31,42,193,17,9,73
10,Freak,Kelly Rowland,ATL Hip Hop,2013,104,78,65,-5,12,45,274,13,6,28
11,Castle Walls (feat. Christina Aguilera),T.I.,ATL Hip Hop,2010,80,86,45,-5,26,58,329,7,39,49
12,OMG (feat. will.i.am),Usher,ATL Hip Hop,2010,130,75,78,-6,36,33,269,20,3,72
13,DJ Got Us Fallin' In Love (feat. Pitbull),Usher,ATL Hip Hop,2010,120,86,66,-3,8,65,221,3,11,52
14,Chandelier,Sia,Australian Dance,2014,174,78,29,-3,7,62,216,2,7,56
15,Elastic Heart,Sia,Australian Dance,2015,130,79,42,-5,15,50,257,1,5,73
16,Alive,Sia,Australian Dance,2015,100,76,51,-4,11,44,264,25,5,61
17,Cheap Thrills,Sia,Australian Dance,2016,90,80,59,-5,8,73,225,6,22,64
18,The Greatest,Sia,Australian Dance,2017,192,73,67,-6,6,73,210,1,27,76
19,Free Me,Sia,Australian Dance,2017,87,46,27,-4,14,21,286,85,3,44
20,Fancy,Iggy Azalea,Australian Hip Hop,2014,95,72,91,-4,5,38,200,9,7,70
21,Whataya Want from Me,Adam Lambert,Australian Pop,2010,186,68,44,-5,6,45,227,1,5,66
22,If I Had You,Adam Lambert,Australian Pop,2010,131,91,65,-4,37,79,228,1,11,59
23,Price Tag,Jessie J,Australian Pop,2011,175,83,64,-4,27,68,223,3,18,72
24,Domino,Jessie J,Australian Pop,2012,127,55,76,-5,4,78,232,1,3,69
25,Bang Bang,Jessie J,Australian Pop,2015,150,75,71,-4,38,73,199,27,9,61
26,Only Girl (In The World),Rihanna,Barbadian Pop,2010,126,72,79,-4,7,61,235,13,4,73
27,Hard,Rihanna,Barbadian Pop,2010,182,75,31,-4,65,16,251,1,11,57
28,What's My Name?,Rihanna,Barbadian Pop,2011,100,79,69,-3,8,58,263,23,7,69
29,We Found Love,Rihanna,Barbadian Pop,2011,128,77,73,-4,11,60,215,3,4,61
30,Cheers (Drink To That),Rihanna,Barbadian Pop,2011,80,91,58,-4,29,73,262,2,4,58
31,S&M Remix,Rihanna,Barbadian Pop,2011,128,81,82,-3,5,89,257,5,5,54
32,Where Have You Been,Rihanna,Barbadian Pop,2012,128,85,72,-6,22,44,243,0,9,68
33,Diamonds,Rihanna,Barbadian Pop,2012,92,71,56,-5,11,39,225,0,5,61
34,You Da One,Rihanna,Barbadian Pop,2012,127,72,70,-5,13,86,200,50,4,57
35,Right Now - Dyro Radio Edit,Rihanna,Barbadian Pop,2013,130,74,53,-6,24,45,186,0,4,42
36,FourFiveSeconds,Rihanna,Barbadian Pop,2015,206,27,58,-6,13,35,188,88,5,80
37,American Oxygen,Rihanna,Barbadian Pop,2015,78,75,39,-6,33,48,320,5,9,61
38,Needed Me,Rihanna,Barbadian Pop,2016,111,31,67,-8,8,30,192,11,24,80
39,Work,Rihanna,Barbadian Pop,2016,92,53,73,-6,9,56,219,8,9,78
40,Love On The Brain,Rihanna,Barbadian Pop,2018,172,64,51,-5,8,38,224,7,5,82
41,Reality - Radio Edit,Lost Frequencies,Belgian EDM,2015,122,70,71,-8,7,60,159,2,3,61
42,Reality (feat. Janieck Devy) - Radio Edit,Lost Frequencies,Belgian EDM,2017,122,64,73,-7,8,53,158,2,4,59
43,Heroes (we could be),Alesso,Big Room,2015,126,75,52,-4,24,35,210,4,6,56
44,Wake Me Up,Avicii,Big Room,2013,124,78,53,-6,16,64,247,0,5,85
45,Hey Brother,Avicii,Big Room,2014,125,78,55,-5,8,46,255,3,4,78
46,Broken Arrows,Avicii,Big Room,2015,116,67,63,-7,10,29,233,5,5,65
47,Rich Boy,Galantis,Big Room,2017,110,90,74,-2,8,65,184,7,5,55
48,In the Name of Love,Martin Garrix,Big Room,2016,134,52,50,-6,45,17,196,11,4,81
49,There for You,Martin Garrix,Big Room,2017,106,64,61,-8,12,13,222,12,6,76
50,All Around The World (La La La),R3HAB,Big Room,2019,125,86,73,-5,11,52,148,48,3,82
51,Don't You Worry Child - Radio Edit,Swedish House Mafia,Big Room,2013,129,84,61,-3,12,44,213,11,5,78
52,She Looks So Perfect,5 Seconds of Summer,Boy Band,2014,160,95,49,-4,33,44,202,0,13,71
53,Pom Poms,Jonas Brothers,Boy Band,2013,148,98,68,-2,28,90,198,7,9,52
54,Only Human,Jonas Brothers,Boy Band,2019,94,50,80,-6,6,87,183,11,7,87
55,Sucker,Jonas Brothers,Boy Band,2019,138,73,84,-5,11,95,181,4,6,86
56,What Makes You Beautiful,One Direction,Boy Band,2012,125,79,73,-2,6,89,200,1,7,78
57,Story of My Life,One Direction,Boy Band,2013,121,66,60,-6,12,29,245,23,5,81
58,Best Song Ever,One Direction,Boy Band,2013,118,88,65,-3,8,49,200,2,5,73
59,Kiss You,One Direction,Boy Band,2013,90,93,63,-3,32,91,183,2,6,73
60,Night Changes,One Direction,Boy Band,2015,120,52,67,-8,12,37,227,86,4,77
61,Perfect,One Direction,Boy Band,2015,100,82,65,-5,12,40,230,6,8,55
62,Steal My Girl,One Direction,Boy Band,2015,77,76,47,-6,14,52,227,0,4,51
63,Glad You Came,The Wanted,Boy Band,2012,127,85,72,-4,11,45,198,3,6,72
64,Walks Like Rihanna,The Wanted,Boy Band,2013,126,82,56,-3,10,43,202,1,6,62
65,We Own The Night,The Wanted,Boy Band,2013,104,94,55,-4,23,56,206,1,13,56
66,Someone Like You,Adele,British Soul,2011,135,33,56,-8,10,28,285,89,3,80
67,Rolling in the Deep,Adele,British Soul,2011,105,76,73,-5,5,52,228,13,3,76
68,Set Fire to the Rain,Adele,British Soul,2012,108,68,61,-4,13,47,242,0,3,76
69,Hello,Adele,British Soul,2015,158,45,48,-6,9,29,295,34,3,73
70,All I Ask,Adele,British Soul,2016,142,28,59,-5,15,34,272,88,3,71
71,Send My Love (To Your New Lover),Adele,British Soul,2016,164,52,69,-8,17,56,223,4,10,61
72,When We Were Young,Adele,British Soul,2016,144,59,38,-6,9,27,291,35,5,58
73,Million Years Ago,Adele,British Soul,2016,0,0,0,-60,0,0,227,0,0,0
74,Water Under the Bridge,Adele,British Soul,2017,95,84,60,-7,11,47,240,2,7,49
75,Only Love Can Hurt Like This,Paloma Faith,British Soul,2015,91,89,57,-5,33,31,233,10,8,69
76,Silence,Marshmello,Brostep,2018,142,76,52,-3,17,29,181,26,9,82
77,Happier,Marshmello,Brostep,2019,100,79,69,-3,17,67,214,19,5,90
78,Here,Alessia Cara,Canadian Contemporary R&B,2015,120,82,38,-4,8,33,199,8,10,68
79,Scars To Your Beautiful,Alessia Cara,Canadian Contemporary R&B,2016,97,74,57,-6,11,45,230,3,13,79
80,"How Far I'll Go - From ""Moana""",Alessia Cara,Canadian Contemporary R&B,2017,181,54,31,-10,7,16,176,16,35,71
81,The Hills,The Weeknd,Canadian Contemporary R&B,2015,113,56,58,-7,14,14,242,7,5,84
82,"Earned It (Fifty Shades Of Grey) - From The ""Fifty Shades Of Grey"" Soundtrack",The Weeknd,Canadian Contemporary R&B,2015,120,38,66,-6,10,44,252,39,3,79
83,Starboy,The Weeknd,Canadian Contemporary R&B,2017,186,59,68,-7,14,49,230,14,28,85
84,I Feel It Coming,The Weeknd,Canadian Contemporary R&B,2017,93,82,77,-6,7,59,269,43,12,81
85,"Hold On, We're Going Home",Drake,Canadian Hip Hop,2013,100,41,77,-7,7,29,228,0,10,73
86,Too Good,Drake,Canadian Hip Hop,2016,118,65,79,-8,10,39,263,5,10,74
87,Behind Your Back,Nelly Furtado,Canadian Latin,2016,98,47,80,-10,7,69,228,25,4,18
88,What the Hell,Avril Lavigne,Canadian Pop,2011,150,93,58,-4,14,88,221,0,5,74
89,Rock N Roll,Avril Lavigne,Canadian Pop,2013,184,96,47,-3,34,67,207,1,13,61
90,Call Me Maybe,Carly Rae Jepsen,Canadian Pop,2012,120,58,78,-7,11,66,193,1,4,76
91,I Really Like You,Carly Rae Jepsen,Canadian Pop,2015,122,81,62,-5,22,60,205,1,4,66
92,Run Away With Me,Carly Rae Jepsen,Canadian Pop,2016,119,72,56,-6,5,25,251,1,5,63
93,Higher,Carly Rae Jepsen,Canadian Pop,2016,114,87,65,-5,37,44,234,1,6,46
94,Cut To The Feeling,Carly Rae Jepsen,Canadian Pop,2017,115,91,71,-3,30,65,208,1,6,69
95,I Love It (feat. Charli XCX),Icona Pop,Candy Pop,2013,126,91,71,-3,15,82,157,1,3,67
96,Hall of Fame,The Script,Celtic Rock,2013,85,87,42,-4,12,63,203,7,6,80
97,Monster,Kanye West,Chicago Rap,2011,125,69,63,-6,67,10,379,0,20,73
98,Loca,Shakira,Colombian Pop,2010,112,87,80,-4,9,85,193,19,7,56
99,Can't Remember to Forget You (feat. Rihanna),Shakira,Colombian Pop,2014,138,81,69,-4,14,82,207,12,7,62
100,La La La (Brasil 2014) (feat. Carlinhos Brown),Shakira,Colombian Pop,2014,128,82,80,-5,35,61,198,18,4,50
101,Clarity,Zedd,Complextro,2013,128,78,51,-3,7,18,271,4,7,75
102,Stay The Night - Featuring Hayley Williams Of Paramore,Zedd,Complextro,2014,128,74,60,-3,9,46,217,11,4,64
103,I Want You To Know,Zedd,Complextro,2015,130,85,58,-3,14,37,240,1,6,68
104,True Colors,Zedd,Complextro,2016,126,79,57,-3,10,49,225,40,4,51
105,Stay,Zedd,Complextro,2017,102,62,69,-5,12,54,210,25,6,80
106,Get Low (with Liam Payne),Zedd,Complextro,2017,108,93,72,-4,5,54,205,3,5,66
107,Tequila,Dan + Shay,Contemporary Country,2018,86,59,47,-6,13,50,196,3,3,76
108,My First Kiss - feat. Ke$ha,3OH!3,Dance Pop,2010,138,89,68,-4,36,83,192,1,8,62
109,Supernova,Ansel Elgort,Dance Pop,2018,140,62,77,-5,21,68,191,6,10,72
110,The Way,Ariana Grande,Dance Pop,2013,82,88,65,-3,8,86,227,29,11,68
111,Problem,Ariana Grande,Dance Pop,2014,103,81,66,-5,16,63,194,2,15,75
112,Love Me Harder,Ariana Grande,Dance Pop,2015,99,71,47,-4,8,24,236,1,3,76
113,Break Free,Ariana Grande,Dance Pop,2015,130,70,69,-5,20,28,215,1,5,75
114,Focus,Ariana Grande,Dance Pop,2015,100,88,67,-6,44,79,211,27,24,66
115,Into You,Ariana Grande,Dance Pop,2016,108,73,62,-6,14,37,244,2,11,80
116,Dangerous Woman,Ariana Grande,Dance Pop,2016,134,60,66,-5,36,29,236,5,4,78
117,Side To Side,Ariana Grande,Dance Pop,2017,159,74,65,-6,24,61,226,5,23,80
118,no tears left to cry,Ariana Grande,Dance Pop,2018,122,71,70,-6,29,35,206,4,6,84
119,What About Love,Austin Mahone,Dance Pop,2013,100,78,63,-7,4,28,203,0,4,54
120,Mmm Yeah (feat. Pitbull),Austin Mahone,Dance Pop,2014,126,92,71,-4,27,98,232,0,4,65
121,I Got You,Bebe Rexha,Dance Pop,2016,98,89,61,-5,9,32,192,5,5,64
122,Ferrari,Bebe Rexha,Dance Pop,2018,77,48,58,-6,10,42,213,2,3,57
123,Run the World (Girls),Beyonce,Dance Pop,2011,127,90,73,-4,37,76,236,0,14,76
124,Love On Top,Beyonce,Dance Pop,2011,94,75,65,-5,60,65,267,8,9,76
125,Best Thing I Never Had,Beyonce,Dance Pop,2011,99,65,55,-4,9,30,254,14,3,73
126,1+1,Beyonce,Dance Pop,2011,63,38,30,-7,7,26,274,38,3,60
127,Partition,Beyonce,Dance Pop,2014,186,44,41,-12,31,17,319,3,29,65
128,XO,Beyonce,Dance Pop,2014,170,79,47,-9,31,21,216,17,26,56
129,Drunk in Love,Beyonce,Dance Pop,2014,140,62,59,-7,18,40,323,1,5,52
130,43776,Beyonce,Dance Pop,2015,136,71,75,-5,13,56,214,1,13,72
131,3,Britney Spears,Dance Pop,2010,135,71,70,-2,14,79,213,5,5,62
132,Till the World Ends,Britney Spears,Dance Pop,2011,132,71,69,-6,20,45,238,2,7,65
133,I Wanna Go,Britney Spears,Dance Pop,2011,130,55,70,-7,33,79,210,0,4,64
134,Hold It Against Me,Britney Spears,Dance Pop,2011,133,72,65,-5,24,39,229,1,4,59
135,Work Bitch,Britney Spears,Dance Pop,2013,128,82,63,-7,7,85,248,16,16,71
136,"Ooh La La (from ""The Smurfs 2"")",Britney Spears,Dance Pop,2013,128,57,69,-5,11,73,257,2,5,45
137,Make Me... (feat. G-Eazy),Britney Spears,Dance Pop,2016,123,70,70,-7,22,58,231,16,10,53
138,Invitation,Britney Spears,Dance Pop,2016,112,65,37,-7,9,16,200,3,11,44
139,Do You Wanna Come Over?,Britney Spears,Dance Pop,2016,121,70,75,-6,11,45,203,1,7,34
140,Under Control,Calvin Harris,Dance Pop,2013,126,92,54,-3,12,51,184,13,8,74
141,Sweet Nothing (feat. Florence Welch),Calvin Harris,Dance Pop,2013,128,93,57,-4,6,58,213,20,11,72
142,Summer,Calvin Harris,Dance Pop,2014,128,86,60,-4,14,74,223,2,3,80
143,How Deep Is Your Love,Calvin Harris,Dance Pop,2015,122,87,74,-4,39,34,213,4,7,77
144,Blame,Calvin Harris,Dance Pop,2015,128,86,41,-4,34,35,213,3,8,76
145,This Is What You Came For,Calvin Harris,Dance Pop,2016,124,93,63,-3,15,47,222,20,3,80
146,My Way,Calvin Harris,Dance Pop,2017,120,91,82,-3,16,54,219,9,4,78
147,Slide (feat. Frank Ocean & Migos),Calvin Harris,Dance Pop,2017,104,80,74,-3,25,51,231,50,5,75
148,One Kiss (with Dua Lipa),Calvin Harris,Dance Pop,2018,124,86,79,-3,8,59,215,4,11,86
149,Giant (with Rag'n'Bone Man),Calvin Harris,Dance Pop,2019,122,89,81,-4,8,61,229,2,4,84
150,Crying in the Club,Camila Cabello,Dance Pop,2017,85,62,33,-6,16,60,216,33,38,75
151,Havana (feat. Young Thug),Camila Cabello,Dance Pop,2018,105,52,77,-4,13,39,217,18,3,85
152,Never Be the Same - Radio Edit,Camila Cabello,Dance Pop,2018,130,69,63,-4,12,25,227,16,9,57
153,One Call Away (feat. Tyga) - Remix,Charlie Puth,Dance Pop,2016,91,69,75,-5,13,52,192,26,4,41
154,We Don't Talk Anymore - DROELOE Remix,Charlie Puth,Dance Pop,2017,100,82,70,-5,45,67,218,49,22,59
155,Attention,Charlie Puth,Dance Pop,2018,100,61,78,-5,13,80,209,11,5,83
156,Yeah 3x,Chris Brown,Dance Pop,2011,130,88,71,-3,9,70,242,0,4,69
157,Turn Up the Music,Chris Brown,Dance Pop,2012,130,84,59,-6,16,64,228,0,10,65
158,No Guidance (feat. Drake),Chris Brown,Dance Pop,2019,93,45,70,-7,16,14,261,12,15,81
159,Bound To You - Burlesque Original Motion Picture Soundtrack,Christina Aguilera,Dance Pop,2010,164,41,29,-5,13,7,264,83,3,61
160,Something's Got A Hold On Me - Burlesque Original Motion Picture Soundtrack,Christina Aguilera,Dance Pop,2010,150,85,51,-4,12,72,185,47,27,58
161,You Lost Me,Christina Aguilera,Dance Pop,2010,43,39,23,-6,14,7,257,85,4,56
162,Not Myself Tonight,Christina Aguilera,Dance Pop,2010,120,81,76,-5,56,54,186,0,4,55
163,Genie In a Bottle,Christina Aguilera,Dance Pop,2015,176,80,63,-7,14,91,218,21,16,72
164,Change,Christina Aguilera,Dance Pop,2016,82,54,62,-6,13,20,187,68,8,54
165,A Thousand Years,Christina Perri,Dance Pop,2011,139,41,42,-7,11,16,285,31,3,81
166,Jar of Hearts,Christina Perri,Dance Pop,2011,75,35,35,-6,12,9,247,73,3,50
167,human,Christina Perri,Dance Pop,2014,144,49,44,-6,11,25,251,13,4,68
168,Overdose,Ciara,Dance Pop,2013,107,70,77,-6,6,79,227,1,3,43
169,Rather Be (feat. Jess Glynne),Clean Bandit,Dance Pop,2015,121,59,80,-7,19,55,228,16,4,73
170,Rockabye (feat. Sean Paul & Anne-Marie),Clean Bandit,Dance Pop,2017,102,76,72,-4,18,74,251,41,5,78
171,Sexy Bitch (feat. Akon),David Guetta,Dance Pop,2010,130,63,81,-5,13,80,196,8,5,61
172,Without You (feat. Usher),David Guetta,Dance Pop,2011,128,61,61,-4,16,40,208,23,3,68
173,Titanium (feat. Sia),David Guetta,Dance Pop,2012,126,79,60,-4,13,30,245,7,10,80
174,Play Hard (feat. Ne-Yo & Akon) - New Edit,David Guetta,Dance Pop,2013,130,87,72,-3,66,68,209,4,4,67
175,Shot Me Down (feat. Skylar Grey) - Radio Edit,David Guetta,Dance Pop,2014,192,77,35,-4,12,4,191,6,5,61
176,"Hey Mama (feat. Nicki Minaj, Bebe Rexha & Afrojack)",David Guetta,Dance Pop,2015,86,73,60,-4,33,53,193,24,15,72
177,Bang My Head (feat. Sia & Fetty Wap),David Guetta,Dance Pop,2015,108,87,60,-4,10,59,193,5,8,54
178,Yesterday (feat. Bebe Rexha),David Guetta,Dance Pop,2015,128,78,57,-4,33,28,243,2,3,46
179,2U (feat. Justin Bieber),David Guetta,Dance Pop,2018,145,61,53,-7,23,53,195,23,6,65
180,Heart Attack,Demi Lovato,Dance Pop,2013,174,79,50,-5,24,50,211,7,10,76
181,Made In The USA,Demi Lovato,Dance Pop,2013,87,86,58,-4,32,59,196,0,4,60
182,"Let It Go - From ""Frozen / Single Version",Demi Lovato,Dance Pop,2014,140,66,50,-6,27,25,226,3,4,63
183,Really Don't Care,Demi Lovato,Dance Pop,2015,121,73,71,-4,19,85,202,12,9,70
184,Confident,Demi Lovato,Dance Pop,2016,130,75,59,-6,9,34,206,0,7,75
185,Body Say,Demi Lovato,Dance Pop,2016,87,74,63,-5,28,26,194,0,4,65
186,Sorry Not Sorry,Demi Lovato,Dance Pop,2018,144,64,71,-7,26,89,204,2,23,81
187,Tell Me You Love Me - NOTD Remix,Demi Lovato,Dance Pop,2018,102,77,58,-5,9,76,182,5,8,44
188,"I'm the One (feat. Justin Bieber, Quavo, Chance the Rapper & Lil Wayne)",DJ Khaled,Dance Pop,2017,81,67,61,-4,17,81,289,6,4,77
189,Wild Thoughts (feat. Rihanna & Bryson Tiller),DJ Khaled,Dance Pop,2018,98,67,67,-3,12,63,204,3,7,76
190,"No Brainer (feat. Justin Bieber, Chance the Rapper & Quavo)",DJ Khaled,Dance Pop,2019,136,76,53,-5,9,65,260,7,34,70
191,Cake By The Ocean,DNCE,Dance Pop,2016,119,75,77,-5,4,90,219,15,5,81
192,Toothbrush,DNCE,Dance Pop,2016,105,79,55,-6,47,82,232,12,13,72
193,Blown,DNCE,Dance Pop,2016,130,95,63,-5,10,73,197,0,4,48
194,Kissing Strangers,DNCE,Dance Pop,2017,120,74,77,-6,9,86,202,5,4,66
195,Body Moves,DNCE,Dance Pop,2017,102,69,65,-5,4,86,236,0,4,62
196,Kissing Strangers - Remix,DNCE,Dance Pop,2017,120,77,76,-6,8,81,202,8,5,43
197,New Rules,Dua Lipa,Dance Pop,2018,116,70,76,-6,15,61,209,0,7,84
198,IDGAF,Dua Lipa,Dance Pop,2018,97,54,84,-6,8,51,218,4,9,84
199,Want To,Dua Lipa,Dance Pop,2018,92,69,57,-5,6,32,212,8,12,67
200,Lights - Single Version,Ellie Goulding,Dance Pop,2012,120,80,68,-6,13,78,211,3,4,65
201,Anything Could Happen,Ellie Goulding,Dance Pop,2013,103,78,70,-4,14,38,286,43,3,52
202,Burn,Ellie Goulding,Dance Pop,2014,87,78,56,-5,11,33,231,31,4,71
203,"Love Me Like You Do - From ""Fifty Shades Of Grey""",Ellie Goulding,Dance Pop,2015,190,61,26,-7,13,28,253,25,5,79
204,On My Mind,Ellie Goulding,Dance Pop,2015,155,71,70,-7,9,74,213,26,5,65
205,Next To Me,Emeli Sande,Dance Pop,2013,95,80,67,-5,11,35,197,9,4,60
206,Clown,Emeli Sande,Dance Pop,2013,130,23,45,-8,11,23,221,92,4,60
207,Hurts,Emeli Sande,Dance Pop,2016,106,64,58,-8,15,18,238,2,3,57
208,I Like It,Enrique Iglesias,Dance Pop,2010,129,94,65,-3,6,73,231,2,9,63
209,Tonight (I'm Fuckin' You),Enrique Iglesias,Dance Pop,2011,126,89,65,-4,12,32,232,3,5,63
210,Finally Found You,Enrique Iglesias,Dance Pop,2013,128,88,62,-5,35,66,221,1,10,52
211,Let Me Be Your Lover,Enrique Iglesias,Dance Pop,2015,112,90,72,-4,6,88,238,1,13,34
212,MOVE TO MIAMI,Enrique Iglesias,Dance Pop,2018,100,87,76,-4,7,90,169,3,5,64
213,Like A G6,Far East Movement,Dance Pop,2010,125,84,44,-8,12,78,217,1,45,72
214,A Little Party Never Killed Nobody (All We Got),Fergie,Dance Pop,2013,130,62,76,-6,9,52,241,1,18,65
215,L.A.LOVE (la la),Fergie,Dance Pop,2015,202,39,48,-8,26,27,193,2,9,0
216,Worth It,Fifth Harmony,Dance Pop,2015,100,77,88,-4,12,59,225,6,9,75
217,BO$$,Fifth Harmony,Dance Pop,2015,103,87,81,-5,5,74,171,1,11,66
218,Work from Home (feat. Ty Dolla $ign),Fifth Harmony,Dance Pop,2016,105,59,80,-6,6,59,214,10,4,79
219,Angel,Fifth Harmony,Dance Pop,2017,124,53,74,-6,35,13,189,0,4,59
220,Club Can't Handle Me (feat. David Guetta),Flo Rida,Dance Pop,2010,128,87,62,-4,6,47,235,3,3,73
221,My House,Flo Rida,Dance Pop,2015,94,70,69,-5,13,74,192,2,5,77
222,Baby Don't Lie,Gwen Stefani,Dance Pop,2015,100,55,69,-5,10,26,203,1,3,52
223,Spark The Fire,Gwen Stefani,Dance Pop,2015,120,80,88,-4,20,54,202,8,6,39
224,Make Me Like You,Gwen Stefani,Dance Pop,2016,118,71,74,-5,13,80,217,4,5,50
225,Stereo Hearts (feat. Adam Levine),Gym Class Heroes,Dance Pop,2012,90,80,65,-3,27,80,211,3,10,54
226,Starving,Hailee Steinfeld,Dance Pop,2016,100,62,73,-4,11,51,182,38,6,78
227,"Let Me Go (with Alesso, Florida Georgia Line & watt)",Hailee Steinfeld,Dance Pop,2018,103,71,66,-4,8,74,175,3,5,82
228,Capital Letters,Hailee Steinfeld,Dance Pop,2018,100,81,66,-6,5,46,219,3,8,76
229,Bad At Love,Halsey,Dance Pop,2018,118,75,68,-4,9,61,181,6,3,78
230,Sign of the Times,Harry Styles,Dance Pop,2018,120,57,52,-5,11,21,341,3,3,72
231,What I Need (feat. Kehlani),Hayley Kiyoko,Dance Pop,2018,104,79,63,-4,16,41,220,5,6,67
232,Sparks,Hilary Duff,Dance Pop,2015,122,88,85,-5,10,79,186,4,6,44
233,Little Lies,Hilary Duff,Dance Pop,2016,124,76,57,-6,4,40,204,0,6,36
234,Tonight Tonight,Hot Chelle Rae,Dance Pop,2011,100,78,69,-5,16,81,200,8,12,75
235,BURNITUP!,Janet Jackson,Dance Pop,2016,123,71,83,-7,31,83,250,5,18,31
236,Talk Dirty (feat. 2 Chainz),Jason Derulo,Dance Pop,2014,100,65,76,-7,31,76,178,3,23,68
237,Wiggle (feat. Snoop Dogg),Jason Derulo,Dance Pop,2014,82,62,70,-7,16,72,193,8,25,67
238,Want to Want Me,Jason Derulo,Dance Pop,2015,114,68,78,-6,11,66,208,1,6,77
239,Trumpets,Jason Derulo,Dance Pop,2015,82,70,63,-5,10,64,217,56,24,69
240,Dangerous,Jennifer Hudson,Dance Pop,2015,109,53,90,-5,8,65,255,0,5,18
241,On The Floor,Jennifer Lopez,Dance Pop,2011,130,78,73,-5,7,57,285,11,5,69
242,I'm Into You,Jennifer Lopez,Dance Pop,2011,84,75,59,-4,8,70,200,2,14,59
243,Papi,Jennifer Lopez,Dance Pop,2011,120,81,71,-5,37,89,223,13,6,58
244,Invading My Mind,Jennifer Lopez,Dance Pop,2011,129,88,73,-4,32,69,201,2,7,31
245,Dance Again,Jennifer Lopez,Dance Pop,2012,128,86,79,-5,10,71,237,2,7,66
246,Live It Up,Jennifer Lopez,Dance Pop,2013,128,73,69,-5,33,65,244,1,17,57
247,I Luh Ya Papi,Jennifer Lopez,Dance Pop,2014,96,73,74,-6,12,59,207,45,42,28
248,Booty,Jennifer Lopez,Dance Pop,2015,129,95,71,-4,26,40,210,0,5,64
249,"Feel The Light - From The ""Home"" Soundtrack",Jennifer Lopez,Dance Pop,2015,156,60,47,-6,9,4,292,33,5,55
250,Ain't Your Mama,Jennifer Lopez,Dance Pop,2016,120,68,76,-6,7,82,218,5,23,72
251,Don't Be so Hard on Yourself,Jess Glynne,Dance Pop,2015,120,82,57,-3,16,66,211,6,3,52
252,Mama,Jonas Blue,Dance Pop,2017,104,79,74,-4,5,57,184,10,4,75
253,Suit & Tie,Justin Timberlake,Dance Pop,2013,102,60,80,-4,16,36,326,10,22,68
254,Mirrors - Radio Edit,Justin Timberlake,Dance Pop,2013,77,60,58,-6,43,65,277,14,5,60
255,TKO,Justin Timberlake,Dance Pop,2013,138,68,61,-7,43,49,424,1,24,58
256,Take Back the Night,Justin Timberlake,Dance Pop,2013,107,66,59,-5,64,33,353,4,16,54
257,Not a Bad Thing,Justin Timberlake,Dance Pop,2014,86,73,59,-6,38,46,266,27,6,0
258,"CAN'T STOP THE FEELING! (Original Song from DreamWorks Animation's ""TROLLS"")",Justin Timberlake,Dance Pop,2016,113,83,67,-6,19,70,236,1,7,79
259,Say Something,Justin Timberlake,Dance Pop,2018,97,63,71,-7,8,37,279,10,8,74
260,Filthy,Justin Timberlake,Dance Pop,2018,97,58,75,-6,25,65,294,4,14,62
261,Supplies,Justin Timberlake,Dance Pop,2018,120,55,79,-7,13,23,226,1,5,57
262,Stronger (What Doesn't Kill You),Kelly Clarkson,Dance Pop,2012,116,94,56,-4,11,68,222,5,5,74
263,Underneath the Tree,Kelly Clarkson,Dance Pop,2013,160,81,51,-5,21,69,230,0,5,88
264,People Like Us,Kelly Clarkson,Dance Pop,2013,128,79,60,-5,36,61,259,4,4,45
265,Heartbeat Song,Kelly Clarkson,Dance Pop,2015,149,80,49,-4,6,48,199,1,5,69
266,Run Run Run,Kelly Clarkson,Dance Pop,2015,112,37,28,-7,11,8,273,45,4,36
267,TiK ToK,Kesha,Dance Pop,2010,120,84,76,-3,29,71,200,10,14,80
268,Your Love Is My Drug,Kesha,Dance Pop,2010,120,61,83,-4,9,76,187,1,10,69
269,Take It Off,Kesha,Dance Pop,2010,125,68,73,-5,9,74,215,0,3,66
270,Blah Blah Blah (feat. 3OH!3),Kesha,Dance Pop,2010,120,84,75,-3,42,52,172,8,12,62
271,We R Who We R,Kesha,Dance Pop,2011,120,82,74,-5,12,65,205,1,4,72
272,Blow,Kesha,Dance Pop,2011,120,73,75,-4,7,81,220,0,4,64
273,Die Young,Kesha,Dance Pop,2013,128,70,71,-5,22,80,212,0,5,75
274,Crazy Kids (feat. will.i.am),Kesha,Dance Pop,2013,128,75,72,-4,13,50,229,4,4,46
275,Praying,Kesha,Dance Pop,2017,73,39,58,-7,11,32,230,49,3,77
276,Bad Romance,Lady Gaga,Dance Pop,2010,119,92,70,-4,8,71,295,0,4,79
277,Telephone,Lady Gaga,Dance Pop,2010,122,83,83,-6,11,71,221,1,4,73
278,Alejandro,Lady Gaga,Dance Pop,2010,99,80,63,-7,36,37,274,0,5,69
279,Born This Way,Lady Gaga,Dance Pop,2011,124,83,59,-5,33,49,260,0,16,73
280,The Edge Of Glory,Lady Gaga,Dance Pop,2011,128,77,58,-6,11,36,321,0,4,67
281,You And I,Lady Gaga,Dance Pop,2011,127,70,52,-5,9,52,307,9,5,64
282,Judas,Lady Gaga,Dance Pop,2011,131,93,66,-4,27,53,249,0,7,63
283,Marry The Night,Lady Gaga,Dance Pop,2011,131,88,61,-4,46,38,265,0,6,61
284,Applause,Lady Gaga,Dance Pop,2013,140,78,67,-4,11,73,212,3,5,52
285,G.U.Y.,Lady Gaga,Dance Pop,2014,110,92,62,-3,12,57,233,1,4,65
286,Million Reasons,Lady Gaga,Dance Pop,2016,130,42,67,-8,11,15,205,49,4,80
287,Perfect Illusion,Lady Gaga,Dance Pop,2016,125,86,61,-5,36,66,182,0,4,67
288,The Cure,Lady Gaga,Dance Pop,2017,100,51,70,-5,9,52,211,8,3,71
289,Shallow - Radio Edit,Lady Gaga,Dance Pop,2018,96,33,57,-7,9,28,217,42,3,80
290,Strip That Down (feat. Quavo),Liam Payne,Dance Pop,2017,106,50,87,-5,8,55,202,20,5,69
291,Familiar,Liam Payne,Dance Pop,2018,93,81,64,-5,8,91,197,2,33,72
292,For You (With Rita Ora),Liam Payne,Dance Pop,2018,113,80,54,-5,42,18,243,2,3,67
293,Sheezus,Lily Allen,Dance Pop,2014,130,50,78,-7,11,39,235,15,4,37
294,Move,Little Mix,Dance Pop,2013,121,74,85,-5,55,77,224,0,9,63
295,How Ya Doin'? (feat. Missy Elliott),Little Mix,Dance Pop,2013,201,95,36,-3,37,51,211,9,48,50
296,Love Me Like You,Little Mix,Dance Pop,2015,106,67,79,-4,28,85,198,21,4,65
297,Shout Out to My Ex,Little Mix,Dance Pop,2016,126,75,77,-4,11,80,246,2,9,77
298,Touch (feat. Kid Ink),Little Mix,Dance Pop,2017,102,75,64,-4,49,53,203,4,11,59
299,Party Rock Anthem,LMFAO,Dance Pop,2011,130,74,75,-4,27,35,262,2,16,72
300,Sexy And I Know It,LMFAO,Dance Pop,2011,130,86,71,-4,19,80,199,10,32,67
301,Don't Call Me Up,Mabel,Dance Pop,2019,99,88,67,-3,8,23,178,30,15,86
302,Can't Hold Us (feat. Ray Dalton),Macklemore & Ryan Lewis,Dance Pop,2013,146,93,63,-4,10,88,258,3,8,70
303,Thrift Shop (feat. Wanz),Macklemore & Ryan Lewis,Dance Pop,2013,95,53,78,-7,5,66,236,6,29,69
304,"Downtown (feat. Melle Mel, Grandmaster Caz, Kool Moe Dee & Eric Nally)",Macklemore & Ryan Lewis,Dance Pop,2015,110,61,83,-4,29,71,293,9,7,70
305,Ghosttown,Madonna,Dance Pop,2015,79,55,54,-7,12,9,250,4,4,54
306,Living For Love,Madonna,Dance Pop,2015,123,79,67,-5,25,39,219,4,9,52
307,Cold Water (feat. Justin Bieber & MØ),Major Lazer,Dance Pop,2016,93,80,61,-5,16,50,185,7,4,73
308,Light It Up (feat. Nyla & Fuse ODG) [Remix],Major Lazer,Dance Pop,2016,108,88,75,-4,23,75,166,4,7,73
309,#Beautiful,Mariah Carey,Dance Pop,2013,107,76,68,-5,31,45,200,29,4,51
310,You're Mine (Eternal),Mariah Carey,Dance Pop,2014,149,58,63,-7,38,56,224,28,7,38
311,Uptown Funk,Mark Ronson,Dance Pop,2015,115,61,86,-7,3,93,270,1,8,82
312,Find U Again (feat. Camila Cabello),Mark Ronson,Dance Pop,2019,104,66,61,-7,20,16,176,1,3,75
313,Nothing Breaks Like a Heart (feat. Miley Cyrus),Mark Ronson,Dance Pop,2019,114,79,60,-6,42,24,217,1,7,69
314,Dear Future Husband,Meghan Trainor,Dance Pop,2015,79,78,66,-5,32,83,184,38,19,72
315,Lips Are Movin,Meghan Trainor,Dance Pop,2015,139,83,78,-5,11,95,183,5,5,68
316,All About That Bass,Meghan Trainor,Dance Pop,2015,134,88,81,-4,11,96,189,5,5,65
317,Like I'm Gonna Lose You (feat. John Legend),Meghan Trainor,Dance Pop,2016,108,53,63,-7,18,42,225,40,4,79
318,Me Too,Meghan Trainor,Dance Pop,2016,124,69,93,-6,48,84,181,10,10,73
319,NO,Meghan Trainor,Dance Pop,2016,92,80,56,-4,74,65,214,1,22,70
320,Cooler Than Me - Single Mix,Mike Posner,Dance Pop,2010,130,82,77,-5,70,63,213,18,5,73
321,Please Don't Go,Mike Posner,Dance Pop,2011,120,88,70,-4,13,66,197,0,3,63
322,I Took A Pill In Ibiza - Seeb Remix,Mike Posner,Dance Pop,2016,102,71,66,-7,8,69,198,4,11,78
323,We Can't Stop,Miley Cyrus,Dance Pop,2013,80,62,61,-6,37,48,231,1,3,78
324,Wrecking Ball,Miley Cyrus,Dance Pop,2013,120,42,53,-6,11,35,221,41,3,77
325,Adore You,Miley Cyrus,Dance Pop,2014,120,66,58,-5,11,20,279,11,3,72
326,Malibu,Miley Cyrus,Dance Pop,2017,140,78,57,-6,8,34,232,8,6,78
327,Younger Now,Miley Cyrus,Dance Pop,2017,122,87,55,-5,14,33,249,0,6,62
328,WTF (Where They From),Missy Elliott,Dance Pop,2016,120,82,93,-3,6,56,193,2,20,58
329,Pep Rally,Missy Elliott,Dance Pop,2016,90,75,83,-4,20,32,263,22,12,47
330,Let Me Love You (Until You Learn To Love Yourself),Ne-Yo,Dance Pop,2013,125,68,66,-7,37,25,252,25,4,70
331,Slow Hands,Niall Horan,Dance Pop,2017,86,42,74,-7,6,85,188,1,5,64
332,This Town,Niall Horan,Dance Pop,2018,112,41,68,-8,12,20,233,70,3,64
333,Jealous - Remix,Nick Jonas,Dance Pop,2015,93,71,68,-4,44,45,222,1,8,70
334,Close,Nick Jonas,Dance Pop,2016,124,62,65,-5,14,40,234,25,8,72
335,Champagne Problems,Nick Jonas,Dance Pop,2016,108,78,73,-5,9,64,193,0,13,50
336,Remember I Told You,Nick Jonas,Dance Pop,2017,113,53,68,-6,4,84,202,14,28,53
337,Super Bass,Nicki Minaj,Dance Pop,2011,127,74,77,-7,40,59,201,6,23,38
338,Moment 4 Life - Album Version (Edited),Nicki Minaj,Dance Pop,2011,130,88,50,-4,22,37,279,39,38,28
339,Muny - Album Version (Edited),Nicki Minaj,Dance Pop,2011,98,72,80,-5,19,53,227,56,33,7
340,Starships,Nicki Minaj,Dance Pop,2012,125,72,75,-2,25,75,211,14,8,73
341,Anaconda,Nicki Minaj,Dance Pop,2014,130,60,96,-6,21,65,260,7,18,50
342,Chun-Li,Nicki Minaj,Dance Pop,2018,129,73,69,-5,11,48,192,28,37,73
343,Up,Olly Murs,Dance Pop,2015,115,85,69,-5,10,64,224,2,3,69
344,Raise Your Glass,P!nk,Dance Pop,2011,122,64,68,-7,12,56,208,0,12,38
345,Try,P!nk,Dance Pop,2012,104,63,67,-7,9,55,248,0,3,74
346,Blow Me (One Last Kiss),P!nk,Dance Pop,2012,114,92,60,-3,25,75,256,0,4,0
347,Just Give Me a Reason (feat. Nate Ruess),P!nk,Dance Pop,2013,95,55,78,-7,13,44,243,35,5,81
348,"Just Like Fire (From the Original Motion Picture ""Alice Through The Looking Glass"")",P!nk,Dance Pop,2016,163,70,63,-6,11,50,215,1,15,71
349,What About Us,P!nk,Dance Pop,2018,114,59,39,-6,9,19,272,3,6,66
350,"Happy - From ""Despicable Me 2""",Pharrell Williams,Dance Pop,2014,160,82,65,-5,9,96,233,22,18,79
351,Come Get It Bae,Pharrell Williams,Dance Pop,2014,120,80,93,-6,10,90,202,27,8,59
352,Give Me Everything,Pitbull,Dance Pop,2011,129,94,67,-3,30,53,252,19,16,79
353,International Love,Pitbull,Dance Pop,2012,120,86,67,-3,34,65,227,1,5,72
354,Don't Stop the Party (feat. TJR),Pitbull,Dance Pop,2012,127,96,72,-4,38,95,206,1,9,59
355,Feel This Moment (feat. Christina Aguilera),Pitbull,Dance Pop,2013,136,76,67,-4,34,54,230,4,16,70
356,Outta Nowhere (feat. Danny Mercer),Pitbull,Dance Pop,2013,95,84,71,-4,21,66,207,16,3,35
357,We Are One (Ole Ola) [The Official 2014 FIFA World Cup Song],Pitbull,Dance Pop,2014,125,94,60,-4,10,55,222,0,7,56
358,Fireball (feat. John Ryan),Pitbull,Dance Pop,2015,123,94,69,-5,5,79,235,9,6,67
359,"Celebrate (From the Original Motion Picture ""Penguins of Madagascar"")",Pitbull,Dance Pop,2015,127,85,68,-3,6,93,193,1,6,50
360,Time of Our Lives,Pitbull,Dance Pop,2015,124,80,72,-6,69,72,229,9,6,45
361,Greenlight (feat. Flo Rida & LunchMoney Lewis),Pitbull,Dance Pop,2017,115,83,70,-6,36,63,245,28,27,54
362,Messin' Around,Pitbull,Dance Pop,2017,158,81,57,-5,4,78,223,2,5,51
363,Mr. Put It Down,Ricky Martin,Dance Pop,2015,128,78,80,-6,4,83,196,1,18,42
364,Anywhere,Rita Ora,Dance Pop,2018,107,80,63,-4,10,32,215,4,6,74
365,"Girls (feat. Cardi B, Bebe Rexha & Charli XCX)",Rita Ora,Dance Pop,2018,94,69,73,-4,10,42,221,2,5,64
366,Sugar (feat. Francesco Yates),Robin Schulz,Dance Pop,2015,123,82,64,-5,16,64,219,2,6,60
367,OK - Spotify Version,Robin Schulz,Dance Pop,2017,122,81,65,-6,13,58,189,12,6,69
368,Blurred Lines,Robin Thicke,Dance Pop,2013,120,60,85,-5,8,84,264,0,4,76
369,Give It 2 U,Robin Thicke,Dance Pop,2013,127,83,67,-4,16,58,230,10,7,41
370,Lay It All on Me,Rudimental,Dance Pop,2015,123,75,67,-7,19,48,242,14,4,62
371,These Days,Rudimental,Dance Pop,2018,92,81,65,-4,17,55,211,19,5,80
372,Eenie Meenie,Sean Kingston,Dance Pop,2010,121,61,72,-4,11,83,202,5,3,71
373,Come & Get It,Selena Gomez,Dance Pop,2013,80,79,55,-4,10,58,232,1,5,57
374,The Heart Wants What It Wants,Selena Gomez,Dance Pop,2015,83,79,62,-5,14,62,227,5,4,72
375,Same Old Love,Selena Gomez,Dance Pop,2015,98,59,67,-4,21,44,229,2,3,69
376,Hands To Myself,Selena Gomez,Dance Pop,2016,111,50,81,-7,34,47,201,1,12,71
377,Kill Em With Kindness,Selena Gomez,Dance Pop,2016,120,88,76,-5,10,40,218,1,4,70
378,Wolves,Selena Gomez,Dance Pop,2018,125,80,72,-5,20,31,198,12,4,83
379,Bad Liar,Selena Gomez,Dance Pop,2018,121,41,97,-6,8,73,215,19,7,75
380,Lose You To Love Me,Selena Gomez,Dance Pop,2019,102,34,51,-9,21,9,206,58,4,97
381,Naturally,Selena Gomez & The Scene,Dance Pop,2010,133,90,61,-5,5,88,203,2,5,64
382,Love You Like A Love Song,Selena Gomez & The Scene,Dance Pop,2012,117,68,86,-4,7,92,188,8,5,76
383,Easy Love,Sigala,Dance Pop,2015,124,94,68,-4,12,65,230,18,6,67
384,Came Here for Love,Sigala,Dance Pop,2017,125,87,71,-3,12,72,203,3,4,70
385,Cruel (feat. ZAYN),Snakehips,Dance Pop,2016,110,88,60,-4,16,32,228,2,12,63
386,Dynamite,Taio Cruz,Dance Pop,2010,120,78,75,-4,4,82,203,0,9,77
387,Break Your Heart,Taio Cruz,Dance Pop,2010,122,90,67,-5,8,63,186,0,3,33
388,Written in the Stars (feat. Eric Turner),Tinie Tempah,Dance Pop,2010,91,95,64,-4,18,57,220,6,7,52
389,Cool Girl,Tove Lo,Dance Pop,2016,102,69,67,-7,8,20,199,31,11,69
390,Influence,Tove Lo,Dance Pop,2017,105,59,77,-10,11,33,225,10,5,54
391,My My My!,Troye Sivan,Dance Pop,2018,103,46,70,-8,5,48,205,0,8,76
392,#thatPOWER,will.i.am,Dance Pop,2013,128,61,80,-6,7,40,280,0,6,68
393,Desire,Years & Years,Dance Pop,2016,126,78,71,-5,30,64,203,30,6,58
394,Never Forget You,Zara Larsson,Dance Pop,2015,146,73,58,-6,27,28,213,0,5,77
395,7 Years,Lukas Graham,Danish Pop,2016,120,47,77,-6,39,34,237,29,5,80
396,Love Incredible (feat. Camila Cabello),Cashmere Cat,Downtempo,2017,167,50,37,-9,20,21,180,6,12,59
397,Miss You (with Major Lazer & Tory Lanez),Cashmere Cat,Downtempo,2018,100,64,75,-5,11,45,186,25,9,64
398,It Ain't Me (with Selena Gomez),Kygo,edm,2017,100,53,64,-7,9,52,221,12,7,79
399,First Time,Kygo,edm,2017,90,59,63,-7,10,68,194,20,11,71
400,Higher Love,Kygo,edm,2019,104,68,69,-7,10,40,228,2,3,88
401,Electricity (with Dua Lipa),Silk City,edm,2018,118,67,59,-6,34,51,238,1,5,82
402,Get Lucky (feat. Pharrell Williams & Nile Rodgers) - Radio Edit,Daft Punk,Electro,2013,116,81,79,-9,10,86,248,4,4,77
403,Lose Yourself to Dance,Daft Punk,Electro,2013,100,66,83,-8,8,67,354,8,6,72
404,Tired,Alan Walker,Electro House,2017,124,88,69,-4,15,49,192,4,6,70
405,Let Me Love You,DJ Snake,Electronic trap,2017,100,72,65,-5,14,16,206,9,3,82
406,"Taki Taki (feat. Selena Gomez, Ozuna & Cardi B)",DJ Snake,Electronic trap,2019,96,80,84,-4,6,62,213,16,23,77
407,Electric Love,BORNS,ElectroPop,2016,120,80,61,-8,26,52,218,1,5,76
408,Trampoline (with ZAYN),SHAED,ElectroPop,2019,127,46,62,-6,14,50,184,56,3,92
409,#SELFIE,The Chainsmokers,ElectroPop,2014,128,92,79,-3,8,66,184,1,25,65
410,Don't Let Me Down,The Chainsmokers,ElectroPop,2016,160,87,53,-5,14,42,208,16,17,81
411,Roses,The Chainsmokers,ElectroPop,2016,100,80,71,-7,31,34,227,4,6,74
412,All We Know,The Chainsmokers,ElectroPop,2016,90,59,66,-9,12,30,194,10,3,72
413,Closer,The Chainsmokers,ElectroPop,2017,95,52,75,-6,11,66,245,41,3,86
414,Something Just Like This,The Chainsmokers,ElectroPop,2017,103,65,61,-7,17,51,248,3,4,78
415,Paris,The Chainsmokers,ElectroPop,2017,100,64,65,-7,9,25,222,2,3,76
416,Sick Boy,The Chainsmokers,ElectroPop,2018,90,58,66,-8,12,45,193,11,5,76
417,Takeaway,The Chainsmokers,ElectroPop,2019,100,51,53,-8,10,35,210,13,3,83
418,Call You Mine,The Chainsmokers,ElectroPop,2019,104,70,59,-6,34,52,218,20,3,81
419,Kills You Slowly,The Chainsmokers,ElectroPop,2019,150,44,70,-9,13,23,213,6,6,67
420,Truth Hurts,Lizzo,Escape Room,2019,158,62,72,-3,12,41,173,11,11,90
421,Good as Hell (feat. Ariana Grande) - Remix,Lizzo,Escape Room,2019,96,89,67,-3,74,48,159,30,6,90
422,Let Her Go,Passenger,Folk-Pop,2014,75,54,51,-7,10,24,253,39,6,77
423,Beautiful Birds (feat. Birdy),Passenger,Folk-Pop,2016,86,17,39,-13,11,14,214,91,3,36
424,Prayer in C - Robin Schulz Radio Edit,Lilly Wood and The Prick,French Indie Pop,2015,123,89,76,-5,62,78,189,2,3,58
425,"Me, Myself & I",G-Eazy,Hip Hop,2016,112,67,76,-7,16,38,251,2,10,78
426,Him & I (with Halsey),G-Eazy,Hip Hop,2018,88,73,59,-6,31,19,269,5,9,78
427,Lemon,N.E.R.D,Hip Hop,2018,95,73,92,-7,12,20,220,0,9,68
428,See You Again (feat. Charlie Puth),Wiz Khalifa,Hip Hop,2015,80,48,69,-8,6,28,230,37,8,56
429,Empire State of Mind (Part II) Broken Down,Alicia Keys,Hip Pop,2010,93,37,48,-8,12,14,216,74,3,76
430,Try Sleeping with a Broken Heart,Alicia Keys,Hip Pop,2010,111,82,50,-5,13,55,249,16,11,62
431,Doesn't Mean Anything,Alicia Keys,Hip Pop,2010,104,41,71,-7,10,10,273,4,3,57
432,Girl On Fire (feat. Nicki Minaj) - Inferno Version,Alicia Keys,Hip Pop,2013,93,81,55,-6,15,34,271,9,31,59
433,It's On Again - Main Soundtrack,Alicia Keys,Hip Pop,2014,110,54,64,-9,25,53,230,10,11,30
434,We Are Here,Alicia Keys,Hip Pop,2015,93,67,64,-6,8,8,285,43,4,49
435,Cannonball,Lea Michele,Hollywood,2014,92,82,56,-3,19,57,215,2,5,37
436,Latch,Disclosure,House,2014,122,73,50,-5,9,52,256,2,17,72
437,Animal,Neon Trees,Indie Pop,2010,148,83,48,-6,38,74,212,0,4,65
438,Everybody Talks,Neon Trees,Indie Pop,2013,155,92,47,-4,31,73,177,0,6,74
439,Take Me To Church,Hozier,irish singer-songwriter,2015,129,66,57,-5,12,44,242,63,5,81
440,Con Calma - Remix,Daddy Yankee,Latin,2019,94,87,74,-3,4,61,181,17,5,76
441,Picky - Remix,Joey Montana,Latin,2016,186,81,70,-3,37,69,225,9,7,29
442,Despacito - Remix,Luis Fonsi,Latin,2017,178,82,65,-4,10,82,229,23,17,76
443,Pompeii,Bastille,MetroPopolis,2014,127,72,68,-6,27,57,214,8,4,73
444,Boom Boom,RedOne,Moroccan Pop,2018,110,76,75,-8,20,58,248,0,5,53
445,Say Something,A Great Big World,Neo Mellow,2014,138,15,45,-9,9,9,229,87,3,61
446,Wings,Birdy,Neo Mellow,2014,83,71,47,-5,16,22,252,8,3,62
447,Not About Angels,Birdy,Neo Mellow,2014,116,14,41,-10,9,23,190,97,4,56
448,Tee Shirt - Soundtrack Version,Birdy,Neo Mellow,2014,76,34,68,-9,9,56,160,84,3,49
449,Words as Weapons,Birdy,Neo Mellow,2014,120,35,53,-9,14,19,239,28,3,44
450,Keeping Your Head Up,Birdy,Neo Mellow,2016,122,78,60,-5,19,53,208,16,5,52
451,All of Me,John Legend,Neo Mellow,2014,120,26,42,-7,13,33,270,92,3,86
452,Start,John Legend,Neo Mellow,2016,110,4,52,-15,9,26,310,99,4,47
453,"Hey, Soul Sister",Train,Neo Mellow,2010,97,89,67,-4,8,80,217,19,4,83
454,Just the Way You Are,Bruno Mars,Pop,2010,109,84,64,-5,9,43,221,2,4,78
455,Marry You,Bruno Mars,Pop,2010,145,83,62,-5,10,48,230,33,4,73
456,Grenade,Bruno Mars,Pop,2011,110,56,71,-7,12,23,223,15,6,75
457,Locked Out of Heaven,Bruno Mars,Pop,2012,144,70,73,-4,31,87,233,5,4,79
458,It Will Rain,Bruno Mars,Pop,2012,150,84,58,-7,8,48,258,34,5,38
459,Treasure,Bruno Mars,Pop,2014,116,69,87,-5,32,94,179,4,4,77
460,Gorilla,Bruno Mars,Pop,2014,140,54,72,-7,10,64,244,45,4,68
461,Young Girls,Bruno Mars,Pop,2014,126,75,56,-5,21,50,229,46,3,67
462,That's What I Like,Bruno Mars,Pop,2017,134,56,85,-5,9,86,207,1,4,83
463,24K Magic,Bruno Mars,Pop,2017,107,80,82,-4,15,63,226,3,8,69
464,Finesse - Remix; feat. Cardi B,Bruno Mars,Pop,2018,105,86,70,-5,2,93,217,2,10,78
465,Bodak Yellow,Cardi B,Pop,2017,125,72,93,-6,35,46,224,7,11,70
466,I Like It,Cardi B,Pop,2018,136,73,82,-4,37,65,253,10,13,85
467,Drip (feat. Migos),Cardi B,Pop,2018,130,59,97,-8,8,27,264,5,26,45
468,Impossible,James Arthur,Pop,2013,170,70,38,-5,11,30,209,14,9,77
469,Love Me Again,John Newman,Pop,2014,126,89,50,-5,10,21,240,0,4,73
470,Beneath Your Beautiful,Labrinth,Pop,2013,84,52,56,-6,10,23,272,23,4,70
471,Someone You Loved,Lewis Capaldi,Pop,2019,110,41,50,-6,11,45,182,75,3,96
472,Rude,MAGIC!,Pop,2014,144,76,77,-5,31,93,225,4,4,79
473,Misery,Maroon 5,Pop,2010,103,81,70,-5,22,73,216,0,4,65
474,Moves Like Jagger - Studio Recording From The Voice Performance,Maroon 5,Pop,2011,128,76,72,-4,32,62,201,1,5,76
475,Payphone,Maroon 5,Pop,2012,110,75,74,-5,29,55,231,2,4,79
476,One More Night,Maroon 5,Pop,2012,93,82,72,-3,8,62,220,6,3,73
477,Daylight,Maroon 5,Pop,2013,120,67,66,-5,26,37,225,0,3,66
478,Love Somebody,Maroon 5,Pop,2013,120,78,68,-6,12,40,230,13,4,65
479,Maps,Maroon 5,Pop,2014,120,71,74,-6,6,88,190,2,3,78
480,Sugar,Maroon 5,Pop,2015,120,79,75,-7,9,88,235,6,3,81
481,Animals,Maroon 5,Pop,2015,190,74,28,-6,59,33,231,0,9,76
482,Cold (feat. Future),Maroon 5,Pop,2017,100,72,69,-6,5,41,234,14,11,72
483,What Lovers Do (feat. SZA),Maroon 5,Pop,2018,110,60,80,-5,10,42,200,8,6,79
484,Wait,Maroon 5,Pop,2018,126,60,66,-5,11,45,191,10,6,67
485,Memories,Maroon 5,Pop,2019,91,32,76,-7,8,57,189,84,5,99
486,Girls Like You (feat. Cardi B),Maroon 5,Pop,2019,125,54,85,-7,13,45,236,57,5,81
487,Love Never Felt So Good,Michael Jackson,Pop,2014,118,72,78,-6,7,71,246,13,4,71
488,Good Time,Owl City,Pop,2012,126,87,56,-4,37,68,206,2,14,73
489,Stay With Me,Sam Smith,Pop,2014,84,42,42,-6,11,18,173,59,4,85
490,I'm Not The Only One,Sam Smith,Pop,2015,82,49,68,-6,8,49,239,53,4,84
491,How Do You Sleep?,Sam Smith,Pop,2019,111,68,48,-5,8,35,202,15,9,93
492,Waves - Robin Schulz Radio Edit,Mr. Probz,Tropical House,2015,120,51,83,-9,8,45,208,1,4,77
493,Runnin' (Lose It All),Naughty Boy,Tropical House,2015,139,85,32,-6,48,8,213,1,8,69
